Position,Name + ID,Name,ID,Roster Position,Salary,Game Info,TeamAbbrev,AvgPointsPerGame
QB,Patrick Mahomes (28912345),Patrick Mahomes,28912345,QB,7000,KC@BAL 09/05/2024 08:20PM EDT,KC,21.8
QB,Lamar Jackson (28912346),Lamar Jackson,28912346,QB,7500,KC@BAL 09/05/2024 08:20PM EDT,BAL,22.4
RB,Isiah Pacheco (28912347),Isiah Pacheco,28912347,RB/FLEX,6900,KC@BAL 09/05/2024 08:20PM EDT,KC,15.6
RB,Derrick Henry (28912348),Derrick Henry,28912348,RB/FLEX,6700,KC@BAL 09/05/2024 08:20PM EDT,BAL,16.2
WR,Rashee Rice (28912349),Rashee Rice,28912349,WR/FLEX,6200,KC@BAL 09/05/2024 08:20PM EDT,KC,14.8
WR,Zay Flowers (28912350),Zay Flowers,28912350,WR/FLEX,5900,KC@BAL 09/05/2024 08:20PM EDT,BAL,13.9
WR,Xavier Worthy (28912351),Xavier Worthy,28912351,WR/FLEX,5300,KC@BAL 09/05/2024 08:20PM EDT,KC,11.2
WR,Rashod Bateman (28912352),Rashod Bateman,28912352,WR/FLEX,4200,KC@BAL 09/05/2024 08:20PM EDT,BAL,8.4
TE,Travis Kelce (28912353),Travis Kelce,28912353,TE/FLEX,6300,KC@BAL 09/05/2024 08:20PM EDT,KC,15.1
TE,Mark Andrews (28912354),Mark Andrews,28912354,TE/FLEX,5000,KC@BAL 09/05/2024 08:20PM EDT,BAL,12.5
DST,Ravens (28912355),Ravens,28912355,DST,3100,KC@BAL 09/05/2024 08:20PM EDT,BAL,7.8
DST,Chiefs (28912356),Chiefs,28912356,DST,2900,KC@BAL 09/05/2024 08:20PM EDT,KC,7.2
QB,Jalen Hurts (28912357),Jalen Hurts,28912357,QB,7200,GB@PHI 09/06/2024 08:15PM EDT,PHI,23.1
QB,Jordan Love (28912358),Jordan Love,28912358,QB,6400,GB@PHI 09/06/2024 08:15PM EDT,GB,18.9
RB,Saquon Barkley (28912359),Saquon Barkley,28912359,RB/FLEX,7400,GB@PHI 09/06/2024 08:15PM EDT,PHI,18.4
RB,Josh Jacobs (28912360),Josh Jacobs,28912360,RB/FLEX,6500,GB@PHI 09/06/2024 08:15PM EDT,GB,15.8
WR,A.J. Brown (28912361),A.J. Brown,28912361,WR/FLEX,7700,GB@PHI 09/06/2024 08:15PM EDT,PHI,17.9
WR,DeVonta Smith (28912362),DeVonta Smith,28912362,WR/FLEX,6600,GB@PHI 09/06/2024 08:15PM EDT,PHI,14.5
WR,Jayden Reed (28912363),Jayden Reed,28912363,WR/FLEX,5700,GB@PHI 09/06/2024 08:15PM EDT,GB,13.6
WR,Christian Watson (28912364),Christian Watson,28912364,WR/FLEX,4900,GB@PHI 09/06/2024 08:15PM EDT,GB,10.2
TE,Dallas Goedert (28912365),Dallas Goedert,28912365,TE/FLEX,4600,GB@PHI 09/06/2024 08:15PM EDT,PHI,10.8
TE,Luke Musgrave (28912366),Luke Musgrave,28912366,TE/FLEX,3800,GB@PHI 09/06/2024 08:15PM EDT,GB,8.1
DST,Eagles (28912367),Eagles,28912367,DST,2800,GB@PHI 09/06/2024 08:15PM EDT,PHI,6.5
DST,Packers (28912368),Packers,28912368,DST,2700,GB@PHI 09/06/2024 08:15PM EDT,GB,6.1
QB,C.J. Stroud (28912369),C.J. Stroud,28912369,QB,6900,HOU@IND 09/08/2024 01:00PM EDT,HOU,19.2
RB,Joe Mixon (28912370),Joe Mixon,28912370,RB/FLEX,6600,HOU@IND 09/08/2024 01:00PM EDT,HOU,16.5
RB,Jonathan Taylor (28912371),Jonathan Taylor,28912371,RB/FLEX,7300,HOU@IND 09/08/2024 01:00PM EDT,IND,17.2
WR,Nico Collins (28912372),Nico Collins,28912372,WR/FLEX,7000,HOU@IND 09/08/2024 01:00PM EDT,HOU,16.8
WR,Stefon Diggs (28912373),Stefon Diggs,28912373,WR/FLEX,6700,HOU@IND 09/08/2024 01:00PM EDT,HOU,15.2
WR,Michael Pittman Jr. (28912374),Michael Pittman Jr.,28912374,WR/FLEX,6300,HOU@IND 09/08/2024 01:00PM EDT,IND,14.6
WR,Tank Dell (28912375),Tank Dell,28912375,WR/FLEX,5500,HOU@IND 09/08/2024 01:00PM EDT,HOU,13.1
TE,Dalton Schultz (28912376),Dalton Schultz,28912376,TE/FLEX,4500,HOU@IND 09/08/2024 01:00PM EDT,HOU,10.1
DST,Texans (28912377),Texans,28912377,DST,3200,HOU@IND 09/08/2024 01:00PM EDT,HOU,7.5
DST,Colts (28912378),Colts,28912378,DST,2600,HOU@IND 09/08/2024 01:00PM EDT,IND,5.9
